Component,Status,Description
Frontend App,âœ… Complete,Next.js 14 with React Three Fiber
3D Graphics,âœ… Complete,Revolver and character animations
Blockchain,âœ… Complete,Filecoin testnet integration
Wallet Connection,âœ… Complete,MetaMask + WalletConnect
Sound System,âœ… Complete,Web Audio API with game sounds
UI/UX,âœ… Complete,Dark theme with responsive design
Vercel Config,âœ… Complete,Production deployment ready
Environment,âœ… Complete,All variables pre-configured
Documentation,âœ… Complete,Deployment guides included
Smart Contract,ğŸ”„ Separate,Use provided Hardhat deployment
3D Models,ğŸ“ Placeholder,Add custom GLB models
Sound Files,ğŸ“ Placeholder,Add custom MP3 sounds
